{"cameraMode":{"drawMode":3,"name":"Shadow Cascades","section":"Miscellaneous"},"sceneLighting":true,"audioPlay":false,"sceneViewState":{"showFog":false,"showMaterialUpdate":false,"showSkybox":false,"showFlares":false,"showImageEffects":false,"showParticleSystems":false},"in2DMode":false,"pivot":{"x":1.4363306760787964,"y":4.380005836486816,"z":0.6920765042304993},"rotation":{"x":0.17251147329807282,"y":-0.6358757019042969,"z":0.14875838160514832,"w":0.7374095320701599},"size":10.057267189025879,"orthographic":false}